,cl_technique,wine_time
0,km,947.3676390647888
1,gmm,520.6619753837585
