,cl_technique,wine_time
0,km,1129.7068500518799
1,gmm,983.8087136745453
