,cl_technique,wine_time
0,km,902.2197096347809
1,gmm,466.2740595340729
