,cl_technique,wine_time
0,km,1127.8829967975616
1,gmm,1246.252902507782
