,cl_technique,wine_time
0,km,1017.8124558925629
1,gmm,918.4306628704071
